{
  "num_episodes": 2,
  "rewards": {
    "mean": 4150.0,
    "std": 50.0,
    "min": 4100.0,
    "max": 4200.0,
    "median": 4150.0,
    "all": [
      4100.0,
      4200.0
    ]
  },
  "lengths": {
    "mean": 3518.5,
    "std": 7.5,
    "min": 3511,
    "max": 3526,
    "all": [
      3511,
      3526
    ]
  },
  "actions": {
    "12": {
      "count": 1785,
      "percentage": 25.36592297854199
    },
    "7": {
      "count": 1108,
      "percentage": 15.745346028136991
    },
    "2": {
      "count": 611,
      "percentage": 8.682677277248828
    },
    "4": {
      "count": 524,
      "percentage": 7.446354980815689
    },
    "5": {
      "count": 373,
      "percentage": 5.300554213443228
    },
    "14": {
      "count": 100,
      "percentage": 1.4210601108426886
    },
    "15": {
      "count": 285,
      "percentage": 4.050021315901662
    },
    "0": {
      "count": 366,
      "percentage": 5.201080005684241
    },
    "1": {
      "count": 326,
      "percentage": 4.632655961347165
    },
    "3": {
      "count": 229,
      "percentage": 3.254227653829757
    },
    "8": {
      "count": 82,
      "percentage": 1.1652692908910047
    },
    "10": {
      "count": 224,
      "percentage": 3.1831746482876224
    },
    "17": {
      "count": 178,
      "percentage": 2.5294869972999856
    },
    "13": {
      "count": 127,
      "percentage": 1.8047463407702147
    },
    "9": {
      "count": 526,
      "percentage": 7.474776183032542
    },
    "6": {
      "count": 74,
      "percentage": 1.0515844820235896
    },
    "11": {
      "count": 67,
      "percentage": 0.9521102742646014
    },
    "16": {
      "count": 52,
      "percentage": 0.7389512576381981
    }
  },
  "q_values": {
    "mean": 1.2906532287597656,
    "std": 0.45943331718444824,
    "min": -0.3751388192176819,
    "max": 2.35248064994812,
    "per_action_mean": [
      1.3290328979492188,
      1.240868330001831,
      1.3245267868041992,
      1.3205561637878418,
      1.3301206827163696,
      1.3277692794799805,
      1.318115234375,
      1.3276251554489136,
      1.3222706317901611,
      1.329874873161316,
      1.2520594596862793,
      1.2462494373321533,
      1.2488220930099487,
      1.2637691497802734,
      1.2600690126419067,
      1.267146110534668,
      1.2519989013671875,
      1.2708842754364014
    ]
  }
}