{
  "num_episodes": 3,
  "rewards": {
    "mean": 30.0,
    "std": 2.943920288775949,
    "min": 26.0,
    "max": 33.0,
    "median": 31.0,
    "all": [
      33.0,
      26.0,
      31.0
    ]
  },
  "lengths": {
    "mean": 929.3333333333334,
    "std": 39.177658032211276,
    "min": 876,
    "max": 969,
    "all": [
      943,
      876,
      969
    ]
  },
  "actions": {
    "1": {
      "count": 806,
      "percentage": 28.90961262553802
    },
    "3": {
      "count": 800,
      "percentage": 28.694404591104735
    },
    "2": {
      "count": 622,
      "percentage": 22.30989956958393
    },
    "0": {
      "count": 560,
      "percentage": 20.086083213773314
    }
  },
  "q_values": {
    "mean": 1.4088798761367798,
    "std": 0.5848775506019592,
    "min": -0.3788594901561737,
    "max": 2.7234368324279785,
    "per_action_mean": [
      1.4105515480041504,
      1.411742091178894,
      1.4041534662246704,
      1.4090704917907715
    ]
  }
}